question_id,domain,GPT_Baseline,Grok_Baseline,Perplexity_Baseline,GPT_FewShot,Grok_FewShot,Perplexity_FewShot,GPT_CoT,Grok_CoT,Perplexity_CoT,GPT_ReACT,Grok_ReACT,Perplexity_ReACT
1,,1.  38,```txt,Question: What is 15 + 23?,2. 55,1. 38,2. 55, 1. 38 ,----- Prompt for Question 1 -----,- Q2: 100 − 45 = 55.  ,Answers to the 100 prompts,Question: What is 15 + 23?,A1: 38
2,,2.  55,----- Prompt for Question 1 -----,Answer: 38.,3. 56,2. 55,3. 56 ,2. 55 ,Let's think step by step.,- Q3: 7 × 8 = 56.  ,1.,Think: Simple addition of two numbers.,Q2: What is 100 - 45?
3,,3.  56,Question: What is 15 + 23?,----- Prompt for Question 2 -----,4. 12,3. 56,4. 12,3. 56 ,Question: What is 15 + 23?,- Q4: 144 ÷ 12 = 12.  ,Answer: 38,Act: 15 + 23,A2: 55
4,,4.  12,Answer: 38,Question: What is 100 - 45?,5. Yes,4. 12,5. Yes,4. 12 ,"Step 1: Break it down into tens and ones: 15 is 10 + 5, 23 is 20 + 3.",- Q5: 17 is prime.  ,2.,Observe: 38,Q3: What is 7 × 8?
5,,5.  Yes,----- Prompt for Question 2 -----,Answer: 55.,6. 4,5. Yes,6. x = 4,5. Yes,"Step 2: Add the tens (10 + 20 = 30) then the ones (5 + 3 = 8), total 30 + 8 = 38.",- Q6: 2x + 5 = 13 ⇒ x = 4.  ,Answer: 55,Answer: 38,A3: 56
6,,6.  x = 4,Question: What is 100 - 45?,----- Prompt for Question 3 -----,7. 50,6. x = 4,7. 50, 6. 4 ,Answer: 38,- Q7: 25% of 200 = 50.  ,3.,----- Prompt for Question 2 -----,Q4: What is 144 ÷ 12?
7,,7.  50,Answer: 55,Question: What is 7 × 8?,8. 60,7. 50,8. 60,7. 50 ,----- Prompt for Question 2 -----,- Q8: Area = 5 × 12 = 60.  ,Answer: 56,Question: What is 100 - 45?,A4: 12
8,,8.  60,----- Prompt for Question 3 -----,Answer: 56.,9. 27,8. 60,9. 27,8. 60 ,Let's think step by step.,- Q9: 3³ = 27.  ,4.,Think: Subtraction.,Q5: Is 17 a prime number?
9,,9.  27,Question: What is 7 × 8?,----- Prompt for Question 4 -----,10. 8,9. 27,10. 8,9. 27 ,Question: What is 100 - 45?,- Q10: √64 = 8.  ,Answer: 12,Act: 100 - 45,"A5: Yes, 17 is prime."
10,,10. 8,Answer: 56,Question: What is 144 ÷ 12?,11. 5,10. 8,11. 5,10. 8 ,Step 1: Subtract 40 from 100 first: 100 - 40 = 60.,- Q11: Time = 300 ÷ 60 = 5 hours.  ,5.,Observe: 55,Q6: Solve: 2x + 5 = 13
11,,11. 5 hours,----- Prompt for Question 4 -----,Answer: 12.,12. x=2 or x=3,11. 5 hours,12. x = 2 or x = 3,11.,Step 2: Then subtract the remaining 5: 60 - 5 = 55.,- Q12: x² − 5x + 6 = 0 ⇒ x = 2 or x = 3.  ,Answer: Yes — 17 is a prime number.,Answer: 55,A6: x = 4
12,,12. x = 2 or 3,Question: What is 144 ÷ 12?,----- Prompt for Question 5 -----,13. 128,12. x = 2 or x = 3,13. 128,5 hours,Answer: 55,"- Q13: 7th term of 2,4,8,16,… is 128.  ",6.,----- Prompt for Question 3 -----,Q7: What is 25% of 200?
13,,13. 128,Answer: 12,Question: Is 17 a prime number?,14. 31.4159,13. 128,14. Approximately 31.4, 12. 2 and 3 ,----- Prompt for Question 3 -----,- Q14: Circumference = 2π·5 = 10π (≈31.4).  ,Answer: x = 4,Question: What is 7 × 8?,A7: 50
14,,14. 10π,----- Prompt for Question 5 -----,"Answer: Yes, 17 is a prime number.",15. 5,14. 10π (approximately 31.42),15. 5,13. 128 ,Let's think step by step.,- Q15: log₂(32) = 5.  ,7.,Think: Multiplication table fact.,Q8: What is the area of a rectangle with width 5 and length 12?
15,,15. 5,Question: Is 17 a prime number?,----- Prompt for Question 6 -----,16. Yes,15. 5,16. yes,14. 10π ,Question: What is 7 × 8?,"- Q16: Yes, Rover is an animal.  ",Answer: 50,Act: 7 × 8,A8: 60
16,,16. Yes,Answer: Yes,Question: Solve: 2x + 5 = 13,17. True,16. Yes,17. True,15. 5 ,"Step 1: Recall that 7 × 8 = 56 (or compute 7 × 10 = 70, subtract 7 × 2 = 14 → 70 - 14 = 56).",- Q17: True AND True = True.  ,8.,Observe: 56,Q9: What is 3³?
17,,17. True,----- Prompt for Question 6 -----,Answer: x = 4.,18. True,17. True,18. True,16. Yes ,Step 2: Verify: 8 × 7 = 56.,- Q18: False OR True = True.  ,Answer: 60,Answer: 56,A9: 27
18,,18. True,Question: Solve: 2x + 5 = 13,----- Prompt for Question 7 -----,19. False,18. True,19. False,17. True ,Answer: 56,- Q19: NOT(True) = False.  ,9.,----- Prompt for Question 4 -----,Q10: What is √64?
19,,19. False,Answer: x = 4,Question: What is 25% of 200?,20. Yes,19. False,20. Yes,18. True ,----- Prompt for Question 4 -----,"- Q20: Yes, the grass got wet (modus ponens).  ",Answer: 27,Question: What is 144 ÷ 12?,A10: 8
20,,20. Yes,----- Prompt for Question 7 -----,Answer: 50.,21. No,20. Yes,21. No,19.,Let's think step by step.,"- Q21: No, Fluffy is not a dog.  ",10.,Think: Division.,Q11: A train travels 300 km at 60 km/h. How many hours?
21,,21. No,Question: What is 25% of 200?,----- Prompt for Question 8 -----,22. Yes,21. No,22. Yes,False ,Question: What is 144 ÷ 12?,"- Q22: Yes, B is true.  ",Answer: 8,Act: 144 ÷ 12,A11: 5 hours
22,,22. Yes,Answer: 50,Question: What is the area of a rectangle with width 5 and length 12?,23. Cannot conclude,22. Yes,23. No,20. Yes,Step 1: 12 × 12 = 144.,- Q23: Not necessarily; the key might not be fitting.  ,11.,Observe: 12,Q12: Solve: x² - 5x + 6 = 0
23,,23. Cannot conclude,----- Prompt for Question 8 -----,Answer: 60.,24. Yes,23. Cannot conclude (insufficient information),24. Yes, 21. No,Step 2: So 144 ÷ 12 = 12.,"- Q24: Yes, all A are C.  ",Answer: 5 hours,Answer: 12,A12: x = 2 or x = 3
24,,24. Yes,Question: What is the area of a rectangle with width 5 and length 12?,----- Prompt for Question 9 -----,25. 10,24. Yes,25. At least 10, 22. Yes,Answer: 12,- Q25: At least 10 like both.  ,12.,----- Prompt for Question 5 -----,"Q13: What is the 7th number in sequence: 2, 4, 8, 16, ...?"
25,,25. 10,Answer: 60,Question: What is 3³?,26. Impossible statement: they must be a Knight,25. 10,26. They are a knave, 23. Cannot conclude (no),----- Prompt for Question 5 -----,- Q26: The statement “I am a Knave” is impossible; such a person cannot exist.  ,Answer: x = 2 or x = 3,Question: Is 17 a prime number?,A13: 64
26,,26. Impossible statement,----- Prompt for Question 9 -----,Answer: 27.,27. Yes,"26. Knight (a Knave cannot say ""I am a Knave"")","27. Yes, you should switch", 24. Yes ,Let's think step by step.,"- Q27: Yes, you should switch (Monty Hall; probability improves to 2/3).  ",13.,"Think: Check divisibility by primes less than √17 ≈ 4.1 (i.e., 2, 3).","Q14: If a circle has radius 5, what is its circumference?"
27,,27. Yes,Question: What is 3³?,----- Prompt for Question 10 -----,28. It is a paradox,"27. Yes, you should switch (probability becomes 2/3)",28. No,25. 10 ,Question: Is 17 a prime number?,- Q28: It is a paradox; it is not self-referentially true.  ,Answer: 128,"Act: 17 is odd, 1+7=8 not divisible by 3 → no divisors.",A14: 10π (approximately 31.4)
28,,28. No (paradox),Answer: 27,Question: What is √64?,29. No,28. No (it's a paradox – the Liar paradox),29. Not necessarily,26.,Step 1: A prime number has no divisors other than 1 and itself.,"- Q29: No, you cannot conclude some X are not W.  ",14.,"Observe: Yes, prime.",Q15: What is log₂(32)?
29,,29. Cannot conclude,----- Prompt for Question 10 -----,Answer: 8.,"30. A is a Knight, B is a Knave","29. No, not necessarily","30. B is a knight, A is a knave",Paradox (impossible),"Step 2: Check divisibility by primes less than √17 ≈ 4.1: 2 (odd), 3 (1+7=8 not divisible by 3). No divisors.","- Q30: A must be a knight, B must be a knave.  ",Answer: Circumference = 2πr = 10π,Answer: Yes,A15: 5
30,,"30. A truthful, B knave",Question: What is √64?,----- Prompt for Question 11 -----,31. Cold,"30. A is a Knight, B is a Knave",31. Cold, 27. Yes ,Answer: Yes,- Q31: “Cold.”  ,15.,----- Prompt for Question 6 -----,Q16: All dogs are animals. Rover is a dog. Is Rover an animal?
31,,31. Cold,Answer: 8,Question: A train travels 300 km at 60 km/h. How many hours?,32. Noun,31. cold,32. Noun (but can also be a verb depending on context),28. Paradox,----- Prompt for Question 6 -----,- Q32: “Book” can be both a noun and a verb.  ,Answer: 5,Question: Solve: 2x + 5 = 13,A16: Yes.
32,,32. Noun (also verb),----- Prompt for Question 11 -----,Answer: 5 hours.,33. Having multiple possible meanings,32. both (noun and verb),33. Having more than one possible meaning or interpretation, 29. No ,Let's think step by step.,- Q33: “Ambiguous” means having more than one possible meaning.  ,16.,Think: Isolate x.,"Q17: If A is true and B is true, what is A AND B?"
33,,33. Having multiple meanings,Question: A train travels 300 km at 60 km/h. How many hours?,----- Prompt for Question 12 -----,34. Joyful,33. having more than one possible meaning,"34. Happy → glad, joyful, or cheerful","30. A is knight, B knave",Question: Solve: 2x + 5 = 13,- Q34: A synonym for “happy” is “joyful.”  ,Answer: Yes — Rover is an animal.,Act: 2x = 13 - 5 → 2x = 8 → x = 4,A17: True
34,,34. Joyful,Answer: 5 hours,Question: Solve: x² - 5x + 6 = 0,35. buried,34. joyful / glad / cheerful (any accepted),35. The dog buried the bone.,31. Cold ,Step 1: Subtract 5 from both sides: 2x = 8.,- Q35: “The dog buried the bone.”  ,17.,Observe: x = 4,"Q18: If A is false and B is true, what is A OR B?"
35,,35. buried,----- Prompt for Question 12 -----,Answer: x = 2 or x = 3.,36. Practical,35. buried,"36. Pragmatic means dealing with things in a practical, results-oriented way",32. Noun (also verb),Step 2: Divide both sides by 2: x = 4.,- Q36: “Pragmatic” means focused on practical results rather than theory.  ,Answer: True,Answer: x = 4,A18: True
36,,36. practical,Question: Solve: x² - 5x + 6 = 0,----- Prompt for Question 13 -----,37. Both (context-dependent),"36. practical, focused on results rather than theory","37. Typically plural, but can be singular in gender-neutral usage", 33. Multiple meanings / unclear,Answer: x = 4,- Q37: “They” is grammatically plural but can also be used as a singular gender‑neutral pronoun.  ,18.,----- Prompt for Question 7 -----,Q19: What is NOT(True)?
37,,37. plural (also singular use),Answer: x = 2 or x = 3,"Question: What is the 7th number in sequence: 2, 4, 8, 16, ...?",38. Imply = suggest; infer = deduce,"37. both (traditionally plural, now also accepted as singular)",38 .“Imply” means to suggest indirectly; “infer” means to draw a conclusion from evidence, 34. Joyful,----- Prompt for Question 7 -----,- Q38: To imply is to suggest; to infer is to draw a conclusion from evidence.  ,Answer: True,Question: What is 25% of 200?,A19: False
38,,38. imply = send meaning; infer = receive meaning,----- Prompt for Question 13 -----,Answer: 128.,"39. A phrase with figurative meaning, e.g., “Break the ice”",38. imply = speaker suggests; infer = listener concludes,"39. An idiom is a fixed expression whose meaning is not deducible from the individual words; for example, a phrase whose figurative meaning differs from its literal wording",35. buried ,Let's think step by step.,"- Q39: An idiom is a fixed expression whose meaning is not literal, for example “break the ice.”  ",19.,Think: 25% = 0.25 or ¼.,"Q20: If it rains, the grass gets wet. It rained. Did the grass get wet?"
39,,39. Idiom example: “kick the bucket”,"Question: What is the 7th number in sequence: 2, 4, 8, 16, ...?",----- Prompt for Question 14 -----,40. No,"39. A phrase with non-literal meaning; e.g., ""kick the bucket"" = die","No, “unique” is generally not gradable",36. Practical,Question: What is 25% of 200?,"- Q40: Strictly, “unique” is not gradable, though people sometimes say “very unique” informally.  ",Answer: False,Act: 200 × 0.25 or 200 ÷ 4,A20: Yes.
40,,40. No,Answer: 128,"Question: If a circle has radius 5, what is its circumference?",41. Incomplete = missing parts; unfinished = not done,"40. No (unique means one of a kind; ""very unique"" is disputed)",“Incomplete” emphasizes something is missing parts; “unfinished” emphasizes the process is not yet done, 37. Plural (also singular they),Step 1: 25% = 0.25 or ¼.,- Q41: “Incomplete” suggests missing required parts; “unfinished” suggests not yet brought to completion.  ,20.,Observe: 50,Q21: No cats are dogs. Fluffy is a cat. Is Fluffy a dog?
41,,41. incomplete = missing parts; unfinished = not finished,----- Prompt for Question 14 -----,Answer: 10π (approximately 31.42).,42. Descriptive; language describes usage,41. incomplete = not fully done; unfinished = started but not completed,"Language is primarily descriptive, but prescriptive rules also exist; this matters because it affects how language change and correctness are viewed", 38. Imply =,Step 2: ¼ of 200 = 50 (or 0.25 × 200 = 50).,"- Q42: Descriptive describes how language is used; prescriptive tells how it should be used, which affects teaching and norms.  ",Answer: Yes — by modus ponens the grass is wet.,Answer: 50,A21: No.
42,,42. descriptive,"Question: If a circle has radius 5, what is its circumference?",----- Prompt for Question 15 -----,43. Language influences thought,"42. Dictionaries are descriptive (record usage), but style guides are prescriptive; matters for clarity vs. evolution of language",The Sapir-Whorf hypothesis claims that language influences or shapes thought,"suggest, infer = deduce ",Answer: 50,- Q43: Sapir‑Whorf says language influences or shapes thought.  ,21.,----- Prompt for Question 8 -----,Q22: Either A or B is true (but not both). A is false. Is B true?
43,,43. language shapes thought,Answer: 10π (approximately 31.42),Question: What is log₂(32)?,44. Yes: “bat”,43. Language influences or determines thought (strong vs. weak versions),Yes; a word that sounds the same and is spelled the same but has different meanings fits both categories,"39. Idiom: fixed phrase (e.g., “break a leg”)",----- Prompt for Question 8 -----,- Q44: Yes; “right” (correct) and “rite” are homophones; “right” (direction) and “right” (correct) are homonyms.  ,Answer: No — Fluffy is not a dog.,Question: What is the area of a rectangle with width 5 and length 12?,"A22: Yes, B is true."
44,,"44. yes, e.g. bat",----- Prompt for Question 15 -----,Answer: 5.,45. hello,"44. Yes; e.g., ""bear"" (animal) and ""bear"" (carry) – same spelling and sound",hello,40. No ,Let's think step by step.,- Q45: It outputs `hello`.  ,22.,Think: Area = length × width,"Q23: If the key fits, the lock opens. The lock is closed. Is the key fitting?"
45,,45. hello,Question: What is log₂(32)?,----- Prompt for Question 16 -----,46. 8,45. hello,8,41. Incomplete = missing parts; unfinished = not done ,Question: What is the area of a rectangle with width 5 and length 12?,- Q46: x becomes 8.  ,Answer: Yes — B must be true.,Act: 12 × 5,A23: Cannot conclude; lock could be closed for other reasons.
46,,46. 8,Answer: 5,Question: All dogs are animals. Rover is a dog. Is Rover an animal?,47. 5,46. 8,5,42.descriptive,Step 1: Area = length × width.,"- Q47: len(""hello"") = 5.  ",23.,Observe: 60,Q24: All A are B. All B are C. Are all A also C?
47,,47. 5,----- Prompt for Question 16 -----,"Answer: Yes, Rover is an animal.",48. True,47. 5,True, 43. Language shapes thought ,Step 2: 12 × 5 = 60.,- Q48: 5 > 3 is True.  ,Answer: Cannot determine (the lock being closed doesn't imply the key fits).,Answer: 60 square units,A24: Yes.
48,,48. true,Question: All dogs are animals. Rover is a dog. Is Rover an animal?,----- Prompt for Question 17 -----,49. 1,48. true,1,"44. Yes (e.g., “right/rite”) ",Answer: 60,- Q49: 10 % 3 = 1.  ,24.,----- Prompt for Question 9 -----,"Q25: In a group of 100 people, 60 like coffee, 50 like tea. At least how many like both?"
49,,49. 1,Answer: Yes,"Question: If A is true and B is true, what is A AND B?",50. 2,49. 1,2,45.,----- Prompt for Question 9 -----,- Q50: x = 2.[1],Answer: Yes — all A are C.,Question: What is 3³?,A25: At least 10.
50,,50. 2,----- Prompt for Question 17 -----,Answer: True.,51. HELLO,50. 2,HELLO,hello,Let's think step by step.,"- Q51: ""hello"".upper() returns ""HELLO"".  ",25.,Think: 3 × 3 × 3,"Q26: Knights always tell truth, Knaves always lie. You meet someone. They say 'I am a Knave'. What are they?"
51,,51. HELLO,"Question: If A is true and B is true, what is A AND B?",----- Prompt for Question 18 -----,52. 0 1 2,51. HELLO,"0, 1, 2", 46. 8 ,Question: What is 3³?,"- Q52: It prints 0, then 1, then 2 on separate lines.  ",Answer: At least 10 people like both.,Act: 9 × 3,A26: They are a knight.
52,,52. 0 1 2,Answer: True,"Question: If A is false and B is true, what is A OR B?",53. 1,52. 0\n1\n2,1,47. 5 ,Step 1: 3³ means 3 × 3 × 3.,- Q53: It returns 1.  ,26.,Observe: 27,"Q27: There are 3 boxes. One has gold, two have rocks. You pick box A. The host opens box B (rock). Should you switch to box C?"
53,,53. 1,----- Prompt for Question 18 -----,Answer: True.,54. yes,53. 1,yes,48. True,"Step 2: 3 × 3 = 9, 9 × 3 = 27.",- Q54: It prints `yes`.  ,"Answer: Paradox/Impossible — the statement ""I am a Knave"" cannot be consistently made by either a knight or a knave.",Answer: 27,"A27: Yes, switch (better odds under Monty Hall assumptions)."
54,,54. yes,"Question: If A is false and B is true, what is A OR B?",----- Prompt for Question 19 -----,"55. [2, 4, 6]",54. yes,"[2, 4, 6]", 49. 1 ,Answer: 27,- Q55: x = .  ,27.,----- Prompt for Question 10 -----,Q28: A statement is self-referentially true if it accurately describes itself. Is 'This statement is false' self-referentially true?
55,,"55. [2,4,6]",Answer: True,Question: What is NOT(True)?,56. 25,"55. [2, 4, 6]",25,50. 2 ,----- Prompt for Question 10 -----,- Q56: f(5) = 25.  ,Answer: Yes — switch (Monty Hall: switching gives 2/3 win probability).,Question: What is √64?,A28: No; it is a paradox (not consistently true or false).
56,,56. 25,----- Prompt for Question 19 -----,Answer: False.,57. 3,56. 25,3,51. HELLO ,Let's think step by step.,- Q57: x.pop() returns 3.  ,28.,Think: Square root of 64.,"Q29: If all X are Y, all Y are Z, and some Z are not W, can we conclude some X are not W?"
57,,57. 3,Question: What is NOT(True)?,----- Prompt for Question 20 -----,58. Handling errors,"57. 3 (and list becomes [1, 2])",It removes and returns 3,52. 0 1 2 ,Question: What is √64?,- Q58: try/except is used to catch and handle exceptions (errors).  ,Answer: It's the liar paradox — it's neither consistently true nor false.,Act: 8 × 8 = 64,"A29: No, not necessarily."
58,,58. exception handling,Answer: False,"Question: If it rains, the grass gets wet. It rained. Did the grass get wet?",59. Paris,58. error/exception handling,Handling or catching errors and exceptions,53. 1 ,Step 1: What number multiplied by itself gives 64?,- Q59: Capital of France is Paris.  ,29.,Observe: 8 (principal root),Q30: A and B enter a room. A says 'At least one of us is a knave'. What can you deduce?
59,,59. Paris,----- Prompt for Question 20 -----,"Answer: Yes, the grass got wet.",60. 1945,59. Paris,Paris,54. yes,Step 2: 8 × 8 = 64.,- Q60: World War 2 ended in 1945.  ,Answer: No — you cannot conclude some X are not W from the premises.,Answer: 8,A30: At least one is a knight; cannot determine which without more info.
60,,60. 1945,"Question: If it rains, the grass gets wet. It rained. Did the grass get wet?",----- Prompt for Question 21 -----,61. Jupiter,60. 1945,1945,"55. [2, 4, 6] ",Answer: 8,- Q61: Largest planet is Jupiter.  ,30.,----- Prompt for Question 11 -----,Q31: What is the opposite of 'hot'?
61,,61. Jupiter,Answer: Yes,Question: No cats are dogs. Fluffy is a cat. Is Fluffy a dog?,62. Water,61. Jupiter,Jupiter,56. 25 ,----- Prompt for Question 11 -----,- Q62: H₂O is water.  ,Answer: A is a knight and B is a knave.,Question: A train travels 300 km at 60 km/h. How many hours?,A31: Cold.
62,,62. water,----- Prompt for Question 21 -----,"Answer: No, Fluffy is not a dog.",63. William Shakespeare,62. water,Water,57. 3 ,Let's think step by step.,- Q63: “Romeo and Juliet” was written by William Shakespeare.  ,31.,Think: time = distance / speed,Q32: Is 'book' a noun or verb?
63,,63. Shakespeare,Question: No cats are dogs. Fluffy is a cat. Is Fluffy a dog?,----- Prompt for Question 22 -----,64. Vatican City,63. William Shakespeare,William Shakespeare,58. Error handling ,Question: A train travels 300 km at 60 km/h. How many hours?,- Q64: Smallest country by area is Vatican City.  ,Answer: Cold,Act: 300 ÷ 60,"A32: Both; typically a noun, but can be a verb (to book a ticket)."
64,,64. Vatican City,Answer: No,Question: Either A or B is true (but not both). A is false. Is B true?,65. 3×10^8 m/s,64. Vatican City,Vatican City,59. Paris ,Step 1: Time = distance ÷ speed.,- Q65: Speed of light ≈ 3×10⁸ m/s.  ,32.,Observe: 5,Q33: What does 'ambiguous' mean?
65,,65. 3×10^8 m/s,----- Prompt for Question 22 -----,"Answer: Yes, B is true.",66. 7,"65. approximately 299,792 km/s (or 3 × 10^8 m/s)",Approximately 3.0 × 10^8 meters per second,60. 1945 ,Step 2: 300 ÷ 60 = 5 hours.,- Q66: There are 7 continents (by common convention).  ,Answer: It can be both — 'book' is a noun or a verb depending on usage.,Answer: 5 hours,A33: Having more than one possible meaning; unclear.
66,,66. 7,Question: Either A or B is true (but not both). A is false. Is B true?,----- Prompt for Question 23 -----,67. George Washington,66. 7,7,61.,Answer: 5,- Q67: First U.S. president was George Washington.  ,33.,----- Prompt for Question 12 -----,Q34: What is a synonym for 'happy'?
67,,67. George Washington,Answer: Yes,"Question: If the key fits, the lock opens. The lock is closed. Is the key fitting?",68. Au,67. George Washington,George Washington,Jupiter ,----- Prompt for Question 12 -----,- Q68: Chemical symbol for gold is Au.  ,Answer: 'Ambiguous' means having more than one possible meaning or interpretation.,Question: Solve: x² - 5x + 6 = 0,A34: Glad (or joyful).
68,,68. Au,----- Prompt for Question 23 -----,Answer: Not necessarily; from a closed lock you cannot conclude whether the key fits.,69. Charles Darwin,68. Au,Au,62. Water,Let's think step by step.,- Q69: Theory of evolution was developed by Charles Darwin.  ,34.,"Think: Factor: need two numbers that multiply to 6, add to -5 → -2 and -3",Q35: Complete: 'The dog ___ the bone.' (buried/bury/buries)?
69,,69. Charles Darwin,"Question: If the key fits, the lock opens. The lock is closed. Is the key fitting?",----- Prompt for Question 24 -----,70. Immanuel Kant,69. Charles Darwin,Charles Darwin, 63. Shakespeare ,Question: Solve: x² - 5x + 6 = 0,- Q70: Immanuel Kant.  ,"Answer: Synonym for 'happy': joyful (also: glad, content, pleased).",Act: (x-2)(x-3) = 0,A35: buries
70,,70. Immanuel Kant,Answer: No conclusion (insufficient information),Question: All A are B. All B are C. Are all A also C?,71. Michelangelo,70. Immanuel Kant,Immanuel Kant,64. Vatican City,Step 1: Factor: need two numbers that multiply to 6 and add to -5 → -2 and -3.,- Q71: Michelangelo.  ,35.,Observe: x = 2 or x = 3,Q36: What does 'pragmatic' mean?
71,,71. Michelangelo,----- Prompt for Question 24 -----,"Answer: Yes, all A are C.",72. Earthquake magnitude-frequency relation,71. Michelangelo,Michelangelo, 65. 3×10^8 m/s ,Step 2: (x - 2)(x - 3) = 0 → x = 2 or x = 3.,- Q72: It relates earthquake magnitude to frequency of occurrence.  ,Answer: The dog buried the bone.,"Answer: x = 2, 3",A36: Practical and focused on what works.
72,,72. earthquake magnitude-frequency relation,Question: All A are B. All B are C. Are all A also C?,----- Prompt for Question 25 -----,73. Cut each piece once,72. relating earthquake magnitude and frequency (log scale),Relating earthquake magnitude to frequency,66. 7,Answer: x = 2 or x = 3,- Q73: Cut each string in half.  ,36.,----- Prompt for Question 13 -----,Q37: Is 'they' a singular or plural pronoun?
73,,73. cut strings,Answer: Yes,"Question: In a group of 100 people, 60 like coffee, 50 like tea. At least how many like both?",74. You can’t exactly; approximate by squaring the circle,73. Cut both pieces of string in half,Cut each string once to turn 2 pieces into 4 pieces,67. George Washington ,----- Prompt for Question 13 -----,"- Q74: Transform the circle’s area into a square of equal area (e.g., by geometric construction or formula).  ",Answer: 'Pragmatic' means practical and focused on workable solutions and results.,"Question: What is the 7th number in sequence: 2, 4, 8, 16, ...?","A37: Both; traditionally plural, but often singular in modern English."
74,,74. cannot perfectly,----- Prompt for Question 25 -----,Answer: At least 10 people.,75. A rock or heavy object,"74. Say ""a square"" (or draw a square around the circle)","By transforming it (for example, mathematically or by constructing a square of equal area)",68. Au ,Let's think step by step.,- Q75: Use a heavy object like a rock or wrench.  ,37.,"Think: Geometric sequence, each term ×2 → powers of 2 starting at 2¹",Q38: What is the difference between 'imply' and 'infer'?
75,,75. any heavy object,"Question: In a group of 100 people, 60 like coffee, 50 like tea. At least how many like both?",----- Prompt for Question 26 -----,76. Turn it over,75. A shoe / rock / anything hard,"Any suitably heavy object with a flat surface, such as a rock or a wrench",69. Darwin,"Question: What is the 7th number in sequence: 2, 4, 8, 16, ...?",- Q76: Rotate or flip it so the opening faces upward.  ,Answer: 'They' is normally plural; it is also commonly used as a singular (gender-neutral) pronoun.,"Act: 2¹, 2², 2³, 2⁴, 2⁵, 2⁶, 2⁷ → 2, 4, 8, 16, 32, 64, 128",A38: Imply: suggest indirectly; infer: deduce from evidence.
76,,76. turn over,Answer: 10,"Question: Knights always tell truth, Knaves always lie. You meet someone. They say 'I am a Knave'. What are they?",77. Arrange them as triangle vertices,76. Turn it around (rotate 180 degrees),Turn it over, 70. Kant ,"Step 1: Geometric sequence, each term ×2 → powers of 2 starting from 2¹.",- Q77: Arrange three coins at the vertices of a triangle.  ,38.,Observe: 128,Q39: What is an idiom? Give an example.
77,,77. place coins in triangle,----- Prompt for Question 26 -----,Answer: They must be a Knight (because a Knave cannot truthfully claim to be a Knave).,"78. Fill 5L, pour into 3L, empty 3L, transfer remaining 2L, fill 5L, top to 3L → 4L remain",77. Stack them into a pyramid/triangle shape,Arrange the 3 coins as the vertices of a triangle,71. Michelangelo,Step 2: 7th term is 2⁷ = 128.,"- Q78: Fill 5L, pour into 3L, leaving 2L; empty 3L, pour remaining 2L into 3L; fill 5L and top up 3L (1L), leaving 4L.  ",Answer: 'Imply' = speaker suggests something; 'infer' = listener draws a conclusion.,Answer: 128,"A39: An idiom is a phrase whose meaning isn't literal; e.g., 'kick the bucket'."
78,,78. fill 5L; pour to 3L (2 left); empty 3; pour 2 into 3; fill 5; pour,"Question: Knights always tell truth, Knaves always lie. You meet someone. They say 'I am a Knave'. What are they?",----- Prompt for Question 27 -----,79. VI + III = IX,78. Fill 5L → pour into 3L → empty 3L → pour remaining 2L into 3L → fill 5L again → pour into 3L until full (adds 1L) → 4L left in 5L jug,Use a sequence of fills and pours between the 3L and 5L jugs to leave exactly 4L in one jug, 72.,Answer: 128,- Q79: Move one “I” to turn VI + IV = XI (11) = XI (11).  ,39.,----- Prompt for Question 14 -----,Q40: Is 'unique' gradable (can something be 'very unique')?
79,,    until 3 full; 4 left,Answer: Knight (a knave could not say that),"Question: There are 3 boxes. One has gold, two have rocks. You pick box A. The host opens box B (rock). Should you switch to box C?",80. Draw lines outside the box,79. Move one stick from the + to make VI - IV = IX → actually make it IX - VI = III or similar; common answer: move the left stick of + to make V I X = I X (but better: turn + into - and move one from IV),Rearrange one numeral so the equation becomes a correct true statement,Earthquake magnitude-frequency ,----- Prompt for Question 14 -----,- Q80: Extend lines outside the 3×3 boundary (“think outside the box”).  ,"Answer: An idiom is a phrase whose meaning isn't deducible from the individual words. Example: ""break the ice"".","Question: If a circle has radius 5, what is its circumference?",A40: In strict logic it's non-gradable; in casual use people say 'very unique' for emphasis.
80,,79. VI - IV = II (move stick from +),----- Prompt for Question 27 -----,"Answer: Yes, switching to box C increases your chance of getting gold.",81. “Which door would the other guard say leads out?”,   Correct: Move stick to make VI = VI + III or most common: remove one from left to make IX - VI = III (valid equation),"Draw the lines so they extend beyond the boundary of the 3×3 dot square, connecting all 9 without lifting the pen",73. Cut to make 4 pieces ,Let's think step by step.,- Q81: Ask either guard: “Which door would the other guard say leads to the exit?” then choose the opposite door.  ,40.,Think: C = 2πr,Q41: What is the semantic difference between 'incomplete' and 'unfinished'?
81,,80. draw lines outside grid,"Question: There are 3 boxes. One has gold, two have rocks. You pick box A. The host opens box B (rock). Should you switch to box C?",----- Prompt for Question 28 -----,82. Measure water displacement,"80. Go outside the box – four lines: start bottom left, go up-right through 3, down-right through 3, left through 3, up-right through last 3","Ask one guard which door the other guard would say leads out, then take the opposite door",74. Perfectly,"Question: If a circle has radius 5, what is its circumference?","- Q82: Put the elephant on a boat, measure displacement, then use the scale for equivalent water or cargo.  ","Answer: Traditionally not gradable — 'unique' means one of a kind (so 'very unique' is frowned upon), though it's often used colloquially with modifiers.",Act: 2 × π × 5,A41: Incomplete: missing required parts; unfinished: not yet completed (may be complete-in-principle).
82,,81. ask: “Which door would the other guard say leads to danger?”,Answer: Yes (Monty Hall problem – switching doubles your chance to 2/3),Question: A statement is self-referentially true if it accurately describes itself. Is 'This statement is false' self-referentially true?,"83. Lights, vibrations, visual alarms","81. Ask either guard: ""If I asked the other guard which door leads to freedom, what would he say?"" Then choose the opposite door.",Put the elephant and then remove water (or use displacement) so the scale never directly bears the full weight,impossible ,Step 1: Circumference = 2πr.,"- Q83: Use visual (flashing lights), vibrational alerts, and possibly connected devices (phones/wearables).  ",41.,Observe: 10π,"Q42: Is language prescriptive or descriptive, and why does it matter?"
83,,82. boat displacement,----- Prompt for Question 28 -----,"Answer: No, it is a paradox and cannot be consistently true or false.","84. Describe wavelength, heat associations","82. Put the elephant on a boat and mark the water line, remove elephant, fill boat with known-weight objects until same line, calculate total weight","Use visual signals (flashing lights), vibrations, and possibly other non-auditory alerts placed throughout the home",75. Any heavy object ,Step 2: 2 × π × 5 = 10π.,"- Q84: Use analogies with other senses (heat, danger signs) and explanations of typical associations.  ",Answer: 'Incomplete' suggests missing parts or elements; 'unfinished' suggests something not brought to a final state — overlap but different emphasis.,Answer: 10π (or approximately 31.42),"A42: Both approaches exist; descriptive describes how people use language, prescriptive recommends rules; it matters for education, clarity, and social judgments."
84,,"83. flashing lights, vibration, alerts",Question: A statement is self-referentially true if it accurately describes itself. Is 'This statement is false' self-referentially true?,----- Prompt for Question 29 -----,"85. Better sensors, guidance, automation","83. Flashing lights, strong vibration (bed shaker), strobe lights, visual alarms connected to smoke detectors","Relate red to typical associations (e.g., heat, danger, blood) and its physical properties such as wavelength",76. Flip it ,Answer: 10π,"- Q85: Add clear signage, sensors for free spots, and guidance to nearest available spaces.  ",42.,----- Prompt for Question 15 -----,Q43: What is the Sapir-Whorf hypothesis about language?
85,,84. describe using heat/danger associations,Answer: No (it is the Liar paradox – it cannot be consistently true or false),"Question: If all X are Y, all Y are Z, and some Z are not W, can we conclude some X are not W?",86. Visual symbols or tactile signals,"84. You can't fully explain the experience (qualia problem), only describe associations (stop signs, apples, fire trucks, etc.)","Optimize space usage, navigation, and guidance (for example, clearer markings, sensors, and real-time availability indicators)",77. Arrange in triangle,----- Prompt for Question 15 -----,"- Q86: Use visual symbols, mathematics, or physical demonstrations.  ",Answer: Language is descriptive (linguistics describes how people use language); prescriptive rules matter for standards and teaching but don't fully describe actual usage.,Question: What is log₂(32)?,A43: The idea that language influences (strong version: determines) thought and perception.
86,,"85. sensors, automation",----- Prompt for Question 29 -----,"Answer: No, that conclusion does not follow; the X could all be among the Z that are W.",87. $10.80,"85. Spiral ramps instead of floors, automated valet systems, dynamic lighting/signage, sensors for empty spots, vertical stacking robots","Use visual symbols, shared physical references, patterns, or mathematical structures rather than spoken language",shape ,Let's think step by step.,"- Q87: 10% of 12 is 1.2, so final price is 10.8.  ",43.,Think: 2^x = 32 → 2^x = 2⁵,Q44: Can a word be both a homonym and a homophone? Give example.
87,,86. visual communication,"Question: If all X are Y, all Y are Z, and some Z are not W, can we conclude some X are not W?",----- Prompt for Question 30 -----,88. hello,"86. Use mathematics (prime numbers, universal constants), images/diagrams (Pioneer plaque style), music/rhythm, gestures, light signals",$10.80,78. Fill 5 → pour to 3 → 2 left → pour → fill → pour to make 4,Question: What is log₂(32)?,"- Q88: Input was ""hello"".  ",Answer: Sapir–Whorf hypothesis (linguistic relativity): language influences (or shapes) thought and perception.,Act: x = 5,"A44: Yes; e.g., 'bat' (animal or sports bat) is a homonym, and 'bat' is also a homophone with itself; or more illustrative: 'bank' (river bank/financial bank) is a homonym and also homophone (same pronunciation)."
88,,87. $10.8,Answer: No (we cannot conclude that),Question: A and B enter a room. A says 'At least one of us is a knave'. What can you deduce?,89. 4 cups,87. $10.80,hello, 79.,Step 1: log₂(32) asks “2 to what power equals 32?”,- Q89: Doubling needs 4 cups of flour.  ,44.,Observe: 5,Q45: What does print('hello') output?
89,,88. hello,----- Prompt for Question 30 -----,Answer: A must be a Knight and B must be a Knave.,90. ~73%,88. hello (or any lowercase version),4 cups,VI + III = IX ,Step 2: 2⁵ = 32.,"- Q90: You have 27 plays left, about 73%.  ","Answer: Yes. Example: ""bank"" (financial institution) and ""bank"" (river edge) are homonyms (same spelling/pronunciation, different meanings) and therefore also homophones.",Answer: 5,A45: hello
90,,89. 4 cups,Question: A and B enter a room. A says 'At least one of us is a knave'. What can you deduce?,----- Prompt for Question 31 -----,91. Yes,89. 4 cups,About 73%,80. Extend lines outside the box ,Answer: 5,"- Q91: Yes, 40 is 40% of 100, so it is consistent.  ",45.,----- Prompt for Question 16 -----,Q46: What is x after: x = 5; x = x + 3?
91,,90. ~73%,"Answer: A is a knight and B is a knave (if A were a knave, the statement would be false, meaning both are knights – contradiction)",Question: What is the opposite of 'hot'?,92. Vitruvian Man,90. (27/37) × 100 ≈ 73% left,"Yes, it is consistent",81. Ask: “Which door,----- Prompt for Question 16 -----,"- Q92: For example, he designed mechanical devices and engineering sketches like flying machines.  ",Answer: hello,Question: All dogs are animals. Rover is a dog. Is Rover an animal?,A46: 8
92,,91. yes,----- Prompt for Question 31 -----,Answer: Cold.,93. 50%,91. Yes (40 non-coders = 40% → consistent),He designed machines and anatomical or engineering drawings that combined art and mathematics,would the other guard say is correct?” then choose opposite,Let's think step by step.,"- Q93: Debugging is 5 of 15 hours, i.e., about 33%.  ",46.,Think: Syllogism (Barbara),Q47: What does len('hello') return?
93,,92. flying machine/anatomy drawings,Question: What is the opposite of 'hot'?,----- Prompt for Question 32 -----,94. Yes (10000×0.1 = 1000 sec < 900 sec? Actually 1000>900 → No),"92. Flying machines / ornithopters (combined anatomy, math, and art)",About 33%, 82. Measure,Question: All dogs are animals. Rover is a dog. Is Rover an animal?,"- Q94: 10,000 × 0.1 s = 1,000 s; 15 minutes = 900 s → not possible.  ",Answer: x = 8,"Act: Yes, by modus ponens essentially",A47: 5
94,,93. 33%,Answer: cold,Question: Is 'book' a noun or verb?,95. 32%,93. (5/15) × 100 = 33.33%,"Yes, it is possible within 15 minutes",water displacement ,"Step 1: Syllogism: All dogs are animals, Rover is a dog.",- Q95: 20% lost then 15% of remaining: total loss = 32%.  ,47.,Answer: Yes,Q48: Is 5 > 3 true or false?
95,,94. no,----- Prompt for Question 32 -----,Answer: It can be both a noun and a verb.,96. 75%,"94. 10,000 × 0.1s = 1,000s ≈ 16.67 min > 15 min → No, not possible",About 32% total meaning lost,"83. Lights, vibration alerts ",Step 2: Therefore Rover is an animal.,- Q96: Equal mix: average of 70% and 80% = 75%.  ,Answer: 5,----- Prompt for Question 17 -----,A48: True
96,,95. 32%,Question: Is 'book' a noun or verb?,----- Prompt for Question 33 -----,97. ~89%,"95. Not simply 35%; meaning retained ~68% (0.8 × 0.85), so ~32% lost",About 75%,84. Relate to,Answer: Yes,- Q97: About 5% absolute gain per year: ≈95% after 5 years.  ,48.,"Question: If A is true and B is true, what is A AND B?",Q49: What is 10 % 3 (modulo)?
97,,96. 75%,Answer: Both (it can be either depending on context),Question: What does 'ambiguous' mean?,98. Depends; ethical if responsibly used,96. 75% (average of 70% and 80%),About 89–90%,heat/blood/emotion ,----- Prompt for Question 17 -----,"- Q98: It can be ethical if used responsibly, with transparency and attention to impact on workers.  ",Answer: True,Think: Logical AND,A49: 1
98,,97. ~89%,----- Prompt for Question 33 -----,Answer: Having more than one possible meaning; unclear or open to interpretation.,99. Use drug,97. ~89% (70% × 1.05^5 ≈ 89.5%),"It is ethically acceptable if used responsibly, with attention to fairness, accountability, and the impact on human workers","85. Sensors, automation ",Let's think step by step.,- Q99: The drug is better because it greatly reduces risk compared to certain worsening.  ,49.,Act: True ∧ True,"Q50: x = [1, 2, 3]; x[1] = ?"
99,,98. ethical if used responsibly,Question: What does 'ambiguous' mean?,----- Prompt for Question 34 -----,100. Bias,98. Yes if credited/disclosed; no if presented as fully own work. Tools evolve jobs (like compilers didn't end programming),"Use the drug, because it offers a much higher chance of benefit than harm compared to doing nothing",86. Visual symbols,"Question: If A is true and B is true, what is A AND B?",- Q100: Most important is to avoid bias and misleading conclusions.,Answer: 1,Observe: True,A50: 2
100,,99. choose drug,Answer: Having more than one possible meaning or interpretation,Question: What is a synonym for 'happy'?,,99. Give the drug (expected value far better: 90% cure vs. 0%),Bias and misuse of the integrated information and tools, 87. 10.8,Step 1: AND is true only if both are true.,,50.,Answer: True,Q51: What does 'hello'.upper() return?
